{
  "__inputs": [
    {
      "name": "DS_PROMETHEUS",
      "label": "Prometheus",
      "description": "",
      "type": "datasource",
      "pluginId": "prometheus",
      "pluginName": "Prometheus"
    }
  ],
  "__requires": [
    {
      "type": "grafana",
      "id": "grafana",
      "name": "Grafana",
      "version": "8.1.0-pre"
    },
    {
      "type": "datasource",
      "id": "prometheus",
      "name": "Prometheus",
      "version": "1.0.0"
    },
    {
      "type": "panel",
      "id": "stat",
      "name": "Stat",
      "version": ""
    },
    {
      "type": "panel",
      "id": "table-old",
      "name": "Table (old)",
      "version": ""
    },
    {
      "type": "panel",
      "id": "timeseries",
      "name": "Time series",
      "version": ""
    }
  ],
  "annotations": {
    "list": [
      {
        "builtIn": 1,
        "datasource": "-- Grafana --",
        "enable": true,
        "hide": true,
        "iconColor": "rgba(0, 211, 255, 1)",
        "name": "Annotations & Alerts",
        "type": "dashboard"
      }
    ]
  },
  "description": "Metrics about Grafana",
  "editable": true,
  "gnetId": null,
  "graphTooltip": 0,
  "id": null,
  "links": [
    {
      "icon": "external link",
      "tags": [],
      "targetBlank": true,
      "title": "Available metrics",
      "type": "link",
      "url": "/metrics"
    },
    {
      "icon": "external link",
      "tags": [],
      "targetBlank": true,
      "title": "Grafana docs",
      "type": "link",
      "url": "https://grafana.com/docs/grafana/latest/"
    },
    {
      "icon": "external link",
      "tags": [],
      "targetBlank": true,
      "title": "Prometheus docs",
      "type": "link",
      "url": "http://prometheus.io/docs/introduction/overview/"
    }
  ],
  "panels": [
    {
      "cacheTimeout": null,
      "datasource": "${DS_PROMETHEUS}",
      "fieldConfig": {
        "defaults": {
          "color": {
            "mode": "thresholds"
          },
          "decimals": 0,
          "mappings": [
            {
              "options": {
                "0": {
                  "text": ":("
                }
              },
              "type": "value"
            }
          ],
          "thresholds": {
            "mode": "absolute",
            "steps": [
              {
                "color": "rgba(222, 3, 3, 0.9)",
                "value": null
              },
              {
                "color": "rgb(234, 245, 234)",
                "value": 1
              },
              {
                "color": "rgb(235, 244, 235)",
                "value": 10000
              }
            ]
          },
          "unit": "none"
        },
        "overrides": []
      },
      "gridPos": {
        "h": 5,
        "w": 5,
        "x": 0,
        "y": 0
      },
      "id": 4,
      "interval": null,
      "links": [],
      "maxDataPoints": 100,
      "options": {
        "colorMode": "value",
        "graphMode": "none",
        "justifyMode": "auto",
        "orientation": "horizontal",
        "reduceOptions": {
          "calcs": ["mean"],
          "fields": "",
          "values": false
        },
        "text": {},
        "textMode": "auto"
      },
      "pluginVersion": "8.1.0-pre",
      "targets": [
        {
          "expr": "up{job=\"grafana\"}",
          "format": "time_series",
          "instant": true,
          "intervalFactor": 2,
          "refId": "A",
          "step": 60
        }
      ],
      "title": "Active instances",
      "type": "stat"
    },
    {
      "cacheTimeout": null,
      "datasource": "${DS_PROMETHEUS}",
      "fieldConfig": {
        "defaults": {
          "color": {
            "mode": "thresholds"
          },
          "mappings": [
            {
              "options": {
                "match": "null",
                "result": {
                  "text": "N/A"
                }
              },
              "type": "special"
            }
          ],
          "thresholds": {
            "mode": "absolute",
            "steps": [
              {
                "color": "green",
                "value": null
              },
              {
                "color": "red",
                "value": 80
              }
            ]
          },
          "unit": "none"
        },
        "overrides": []
      },
      "gridPos": {
        "h": 5,
        "w": 5,
        "x": 5,
        "y": 0
      },
      "id": 8,
      "interval": null,
      "links": [],
      "maxDataPoints": 100,
      "options": {
        "colorMode": "none",
        "graphMode": "none",
        "justifyMode": "auto",
        "orientation": "horizontal",
        "reduceOptions": {
          "calcs": ["mean"],
          "fields": "",
          "values": false
        },
        "text": {},
        "textMode": "auto"
      },
      "pluginVersion": "8.1.0-pre",
      "targets": [
        {
          "expr": "grafana_stat_totals_dashboard",
          "format": "time_series",
          "instant": true,
          "intervalFactor": 2,
          "refId": "A",
          "step": 60
        }
      ],
      "title": "Dashboard count",
      "type": "stat"
    },
    {
      "cacheTimeout": null,
      "datasource": "${DS_PROMETHEUS}",
      "fieldConfig": {
        "defaults": {
          "color": {
            "mode": "thresholds"
          },
          "mappings": [
            {
              "options": {
                "match": "null",
                "result": {
                  "text": "N/A"
                }
              },
              "type": "special"
            }
          ],
          "thresholds": {
            "mode": "absolute",
            "steps": [
              {
                "color": "green",
                "value": null
              },
              {
                "color": "red",
                "value": 80
              }
            ]
          },
          "unit": "none"
        },
        "overrides": []
      },
      "gridPos": {
        "h": 5,
        "w": 5,
        "x": 10,
        "y": 0
      },
      "id": 9,
      "interval": null,
      "links": [],
      "maxDataPoints": 100,
      "options": {
        "colorMode": "none",
        "graphMode": "none",
        "justifyMode": "auto",
        "orientation": "horizontal",
        "reduceOptions": {
          "calcs": ["mean"],
          "fields": "",
          "values": false
        },
        "text": {},
        "textMode": "auto"
      },
      "pluginVersion": "8.1.0-pre",
      "targets": [
        {
          "expr": "grafana_stat_total_users",
          "format": "time_series",
          "instant": true,
          "intervalFactor": 2,
          "refId": "A",
          "step": 60
        }
      ],
      "title": "User count",
      "type": "stat"
    },
    {
      "cacheTimeout": null,
      "datasource": "${DS_PROMETHEUS}",
      "fieldConfig": {
        "defaults": {
          "color": {
            "mode": "thresholds"
          },
          "mappings": [
            {
              "options": {
                "match": "null",
                "result": {
                  "text": "N/A"
                }
              },
              "type": "special"
            }
          ],
          "thresholds": {
            "mode": "absolute",
            "steps": [
              {
                "color": "green",
                "value": null
              },
              {
                "color": "red",
                "value": 80
              }
            ]
          },
          "unit": "none"
        },
        "overrides": []
      },
      "gridPos": {
        "h": 5,
        "w": 5,
        "x": 15,
        "y": 0
      },
      "id": 10,
      "interval": null,
      "links": [],
      "maxDataPoints": 100,
      "options": {
        "colorMode": "none",
        "graphMode": "none",
        "justifyMode": "auto",
        "orientation": "horizontal",
        "reduceOptions": {
          "calcs": ["mean"],
          "fields": "",
          "values": false
        },
        "text": {},
        "textMode": "auto"
      },
      "pluginVersion": "8.1.0-pre",
      "targets": [
        {
          "expr": "grafana_stat_total_playlists",
          "format": "time_series",
          "instant": true,
          "intervalFactor": 2,
          "refId": "A",
          "step": 60
        }
      ],
      "title": "Playlist count",
      "type": "stat"
    },
    {
      "columns": [],
      "datasource": "${DS_PROMETHEUS}",
      "fontSize": "100%",
      "gridPos": {
        "h": 5,
        "w": 4,
        "x": 20,
        "y": 0
      },
      "id": 17,
      "links": [],
      "pageSize": null,
      "scroll": false,
      "showHeader": true,
      "sort": {
        "col": 0,
        "desc": true
      },
      "styles": [
        {
          "alias": "Time",
          "align": "auto",
          "dateFormat": "YYYY-MM-DD HH:mm:ss",
          "link": false,
          "pattern": "Time",
          "type": "hidden"
        },
        {
          "alias": "",
          "align": "auto",
          "colorMode": null,
          "colors": ["rgba(245, 54, 54, 0.9)", "rgba(237, 129, 40, 0.89)", "rgba(50, 172, 45, 0.97)"],
          "decimals": 0,
          "pattern": "/.*/",
          "thresholds": [],
          "type": "number",
          "unit": "short"
        }
      ],
      "targets": [
        {
          "expr": "topk(1, grafana_info or grafana_build_info)",
          "format": "time_series",
          "instant": true,
          "intervalFactor": 2,
          "legendFormat": "{{version}}",
          "refId": "A",
          "step": 20
        }
      ],
      "title": "Grafana version",
      "transform": "timeseries_to_rows",
      "type": "table-old"
    },
    {
      "datasource": "${DS_PROMETHEUS}",
      "fieldConfig": {
        "defaults": {
          "color": {
            "mode": "palette-classic"
          },
          "custom": {
            "axisLabel": "",
            "axisPlacement": "auto",
            "barAlignment": 0,
            "drawStyle": "line",
            "fillOpacity": 10,
            "gradientMode": "none",
            "hideFrom": {
              "legend": false,
              "tooltip": false,
              "viz": false
            },
            "lineInterpolation": "linear",
            "lineWidth": 2,
            "pointSize": 5,
            "scaleDistribution": {
              "type": "linear"
            },
            "showPoints": "never",
            "spanNulls": false,
            "stacking": {
              "group": "A",
              "mode": "none"
            },
            "thresholdsStyle": {
              "mode": "off"
            }
          },
          "links": [],
          "mappings": [],
          "thresholds": {
            "mode": "absolute",
            "steps": [
              {
                "color": "green",
                "value": null
              },
              {
                "color": "red",
                "value": 80
              }
            ]
          },
          "unit": "short"
        },
        "overrides": [
          {
            "matcher": {
              "id": "byName",
              "options": "400"
            },
            "properties": [
              {
                "id": "color",
                "value": {
                  "fixedColor": "#447EBC",
                  "mode": "fixed"
                }
              }
            ]
          },
          {
            "matcher": {
              "id": "byName",
              "options": "500"
            },
            "properties": [
              {
                "id": "color",
                "value": {
                  "fixedColor": "#BF1B00",
                  "mode": "fixed"
                }
              }
            ]
          }
        ]
      },
      "gridPos": {
        "h": 10,
        "w": 10,
        "x": 0,
        "y": 5
      },
      "id": 15,
      "links": [],
      "options": {
        "legend": {
          "calcs": [],
          "displayMode": "list",
          "placement": "bottom"
        },
        "tooltip": {
          "mode": "single"
        }
      },
      "pluginVersion": "8.1.0-pre",
      "targets": [
        {
          "expr": "sum by (statuscode) (irate(http_request_total{job='grafana'}[5m]))",
          "format": "time_series",
          "intervalFactor": 3,
          "legendFormat": "{{statuscode}}",
          "refId": "B",
          "step": 15,
          "target": "dev.grafana.cb-office.alerting.active_alerts"
        }
      ],
      "timeFrom": null,
      "timeShift": null,
      "title": "http status codes",
      "type": "timeseries"
    },
    {
      "datasource": "${DS_PROMETHEUS}",
      "fieldConfig": {
        "defaults": {
          "color": {
            "mode": "palette-classic"
          },
          "custom": {
            "axisLabel": "",
            "axisPlacement": "auto",
            "barAlignment": 0,
            "drawStyle": "line",
            "fillOpacity": 10,
            "gradientMode": "none",
            "hideFrom": {
              "legend": false,
              "tooltip": false,
              "viz": false
            },
            "lineInterpolation": "linear",
            "lineWidth": 2,
            "pointSize": 5,
            "scaleDistribution": {
              "type": "linear"
            },
            "showPoints": "never",
            "spanNulls": false,
            "stacking": {
              "group": "A",
              "mode": "none"
            },
            "thresholdsStyle": {
              "mode": "off"
            }
          },
          "links": [],
          "mappings": [],
          "thresholds": {
            "mode": "absolute",
            "steps": [
              {
                "color": "green",
                "value": null
              },
              {
                "color": "red",
                "value": 80
              }
            ]
          },
          "unit": "short"
        },
        "overrides": [
          {
            "matcher": {
              "id": "byName",
              "options": "400"
            },
            "properties": [
              {
                "id": "color",
                "value": {
                  "fixedColor": "#447EBC",
                  "mode": "fixed"
                }
              }
            ]
          },
          {
            "matcher": {
              "id": "byName",
              "options": "500"
            },
            "properties": [
              {
                "id": "color",
                "value": {
                  "fixedColor": "#BF1B00",
                  "mode": "fixed"
                }
              }
            ]
          }
        ]
      },
      "gridPos": {
        "h": 10,
        "w": 10,
        "x": 10,
        "y": 5
      },
      "id": 11,
      "links": [],
      "options": {
        "legend": {
          "calcs": [],
          "displayMode": "list",
          "placement": "bottom"
        },
        "tooltip": {
          "mode": "single"
        }
      },
      "pluginVersion": "8.1.0-pre",
      "targets": [
        {
          "expr": "sum(irate(grafana_api_response_status_total[5m]))",
          "format": "time_series",
          "intervalFactor": 4,
          "legendFormat": "api",
          "refId": "A",
          "step": 20
        },
        {
          "expr": "sum(irate(grafana_proxy_response_status_total[5m]))",
          "format": "time_series",
          "intervalFactor": 4,
          "legendFormat": "proxy",
          "refId": "B",
          "step": 20
        },
        {
          "expr": "sum(irate(grafana_page_response_status_total[5m]))",
          "format": "time_series",
          "intervalFactor": 4,
          "legendFormat": "web",
          "refId": "C",
          "step": 20
        }
      ],
      "timeFrom": null,
      "timeShift": null,
      "title": "Requests by routing group",
      "type": "timeseries"
    },
    {
      "columns": [],
      "datasource": "${DS_PROMETHEUS}",
      "fontSize": "100%",
      "gridPos": {
        "h": 10,
        "w": 4,
        "x": 20,
        "y": 5
      },
      "height": "",
      "id": 12,
      "links": [],
      "pageSize": null,
      "scroll": true,
      "showHeader": true,
      "sort": {
        "col": 0,
        "desc": true
      },
      "styles": [
        {
          "alias": "Time",
          "align": "auto",
          "dateFormat": "YYYY-MM-DD HH:mm:ss",
          "link": false,
          "pattern": "Time",
          "type": "hidden"
        },
        {
          "alias": "",
          "align": "auto",
          "colorMode": null,
          "colors": ["rgba(245, 54, 54, 0.9)", "rgba(237, 129, 40, 0.89)", "rgba(50, 172, 45, 0.97)"],
          "decimals": 0,
          "pattern": "/.*/",
          "thresholds": [],
          "type": "number",
          "unit": "short"
        }
      ],
      "targets": [
        {
          "expr": "sort(topk(8, sum by (handler) (http_request_total{job=\"grafana\"})))",
          "format": "time_series",
          "instant": true,
          "intervalFactor": 10,
          "legendFormat": "{{handler}}",
          "refId": "A",
          "step": 100
        }
      ],
      "title": "Most used handlers",
      "transform": "timeseries_to_rows",
      "type": "table-old"
    },
    {
      "datasource": "${DS_PROMETHEUS}",
      "fieldConfig": {
        "defaults": {
          "color": {
            "mode": "palette-classic"
          },
          "custom": {
            "axisLabel": "",
            "axisPlacement": "auto",
            "barAlignment": 0,
            "drawStyle": "line",
            "fillOpacity": 10,
            "gradientMode": "none",
            "hideFrom": {
              "legend": false,
              "tooltip": false,
              "viz": false
            },
            "lineInterpolation": "linear",
            "lineWidth": 2,
            "pointSize": 5,
            "scaleDistribution": {
              "type": "linear"
            },
            "showPoints": "never",
            "spanNulls": true,
            "stacking": {
              "group": "A",
              "mode": "normal"
            },
            "thresholdsStyle": {
              "mode": "off"
            }
          },
          "links": [],
          "mappings": [],
          "thresholds": {
            "mode": "absolute",
            "steps": [
              {
                "color": "green",
                "value": null
              },
              {
                "color": "red",
                "value": 80
              }
            ]
          },
          "unit": "short"
        },
        "overrides": [
          {
            "matcher": {
              "id": "byName",
              "options": "alerting"
            },
            "properties": [
              {
                "id": "color",
                "value": {
                  "fixedColor": "#890F02",
                  "mode": "fixed"
                }
              }
            ]
          },
          {
            "matcher": {
              "id": "byName",
              "options": "ok"
            },
            "properties": [
              {
                "id": "color",
                "value": {
                  "fixedColor": "#7EB26D",
                  "mode": "fixed"
                }
              }
            ]
          }
        ]
      },
      "gridPos": {
        "h": 5,
        "w": 12,
        "x": 0,
        "y": 15
      },
      "id": 6,
      "links": [],
      "options": {
        "legend": {
          "calcs": [],
          "displayMode": "list",
          "placement": "bottom"
        },
        "tooltip": {
          "mode": "single"
        }
      },
      "pluginVersion": "8.1.0-pre",
      "targets": [
        {
          "expr": "increase(grafana_alerting_active_alerts[1m])",
          "format": "time_series",
          "intervalFactor": 3,
          "legendFormat": "{{state}}",
          "refId": "A",
          "step": 15
        }
      ],
      "timeFrom": null,
      "timeShift": null,
      "title": "Grafana active alerts",
      "type": "timeseries"
    },
    {
      "datasource": "${DS_PROMETHEUS}",
      "fieldConfig": {
        "defaults": {
          "color": {
            "mode": "palette-classic"
          },
          "custom": {
            "axisLabel": "",
            "axisPlacement": "auto",
            "barAlignment": 0,
            "drawStyle": "line",
            "fillOpacity": 10,
            "gradientMode": "none",
            "hideFrom": {
              "legend": false,
              "tooltip": false,
              "viz": false
            },
            "lineInterpolation": "linear",
            "lineWidth": 2,
            "pointSize": 5,
            "scaleDistribution": {
              "type": "linear"
            },
            "showPoints": "never",
            "spanNulls": true,
            "stacking": {
              "group": "A",
              "mode": "none"
            },
            "thresholdsStyle": {
              "mode": "off"
            }
          },
          "links": [],
          "mappings": [],
          "thresholds": {
            "mode": "absolute",
            "steps": [
              {
                "color": "green",
                "value": null
              },
              {
                "color": "red",
                "value": 80
              }
            ]
          },
          "unit": "short"
        },
        "overrides": [
          {
            "matcher": {
              "id": "byName",
              "options": "alerting"
            },
            "properties": [
              {
                "id": "color",
                "value": {
                  "fixedColor": "#890F02",
                  "mode": "fixed"
                }
              }
            ]
          },
          {
            "matcher": {
              "id": "byName",
              "options": "alertname"
            },
            "properties": [
              {
                "id": "color",
                "value": {
                  "fixedColor": "#BF1B00",
                  "mode": "fixed"
                }
              }
            ]
          },
          {
            "matcher": {
              "id": "byName",
              "options": "firing alerts"
            },
            "properties": [
              {
                "id": "color",
                "value": {
                  "fixedColor": "#BF1B00",
                  "mode": "fixed"
                }
              }
            ]
          },
          {
            "matcher": {
              "id": "byName",
              "options": "ok"
            },
            "properties": [
              {
                "id": "color",
                "value": {
                  "fixedColor": "#7EB26D",
                  "mode": "fixed"
                }
              }
            ]
          }
        ]
      },
      "gridPos": {
        "h": 5,
        "w": 12,
        "x": 12,
        "y": 15
      },
      "id": 18,
      "links": [],
      "options": {
        "legend": {
          "calcs": [],
          "displayMode": "list",
          "placement": "bottom"
        },
        "tooltip": {
          "mode": "single"
        }
      },
      "pluginVersion": "8.1.0-pre",
      "targets": [
        {
          "expr": " sum (ALERTS)",
          "format": "time_series",
          "intervalFactor": 3,
          "legendFormat": "firing alerts",
          "refId": "A",
          "step": 15
        }
      ],
      "timeFrom": null,
      "timeShift": null,
      "title": "Prometheus alerts",
      "type": "timeseries"
    },
    {
      "datasource": "${DS_PROMETHEUS}",
      "description": "Aggregated over all Grafana nodes.",
      "fieldConfig": {
        "defaults": {
          "color": {
            "mode": "palette-classic"
          },
          "custom": {
            "axisLabel": "",
            "axisPlacement": "auto",
            "barAlignment": 0,
            "drawStyle": "line",
            "fillOpacity": 10,
            "gradientMode": "none",
            "hideFrom": {
              "legend": false,
              "tooltip": false,
              "viz": false
            },
            "lineInterpolation": "linear",
            "lineWidth": 2,
            "pointSize": 5,
            "scaleDistribution": {
              "type": "linear"
            },
            "showPoints": "never",
            "spanNulls": true,
            "stacking": {
              "group": "A",
              "mode": "none"
            },
            "thresholdsStyle": {
              "mode": "off"
            }
          },
          "links": [],
          "mappings": [],
          "thresholds": {
            "mode": "absolute",
            "steps": [
              {
                "color": "green",
                "value": null
              },
              {
                "color": "red",
                "value": 80
              }
            ]
          },
          "unit": "short"
        },
        "overrides": [
          {
            "matcher": {
              "id": "byName",
              "options": "avg gc duration"
            },
            "properties": [
              {
                "id": "unit",
                "value": "decbytes"
              }
            ]
          },
          {
            "matcher": {
              "id": "byName",
              "options": "allocated memory"
            },
            "properties": [
              {
                "id": "unit",
                "value": "decbytes"
              }
            ]
          },
          {
            "matcher": {
              "id": "byName",
              "options": "used memory"
            },
            "properties": [
              {
                "id": "unit",
                "value": "decbytes"
              }
            ]
          },
          {
            "matcher": {
              "id": "byName",
              "options": "memory usage"
            },
            "properties": [
              {
                "id": "unit",
                "value": "decbytes"
              }
            ]
          }
        ]
      },
      "gridPos": {
        "h": 7,
        "w": 24,
        "x": 0,
        "y": 20
      },
      "id": 7,
      "links": [],
      "options": {
        "legend": {
          "calcs": [],
          "displayMode": "list",
          "placement": "bottom"
        },
        "tooltip": {
          "mode": "single"
        }
      },
      "pluginVersion": "8.1.0-pre",
      "targets": [
        {
          "expr": "sum(go_goroutines{job=\"grafana\"})",
          "format": "time_series",
          "hide": false,
          "intervalFactor": 4,
          "legendFormat": "go routines",
          "refId": "A",
          "step": 8,
          "target": "select metric",
          "type": "timeserie"
        },
        {
          "expr": "sum(process_resident_memory_bytes{job=\"grafana\"})",
          "format": "time_series",
          "intervalFactor": 4,
          "legendFormat": "memory usage",
          "refId": "B",
          "step": 8
        }
      ],
      "timeFrom": null,
      "timeShift": null,
      "title": "Grafana performance",
      "type": "timeseries"
    }
  ],
  "revision": "1.0",
  "schemaVersion": 30,
  "style": "dark",
  "tags": ["grafana", "prometheus"],
  "templating": {
    "list": []
  },
  "time": {
    "from": "now-6h",
    "to": "now"
  },
  "timepicker": {
    "refresh_intervals": ["5s", "10s", "30s", "1m", "5m", "15m", "30m", "1h", "2h", "1d"],
    "time_options": ["5m", "15m", "1h", "6h", "12h", "24h", "2d", "7d", "30d"]
  },
  "timezone": "",
  "title": "Grafana metrics",
  "uid": "isFoa0z7k",
  "version": 2
}
